ts,camera,dur_2k,dur_7k,dur_diff,dur_match,ahash_dist,frame_match,path_2k,path_7k,ride_dir_2k,note,dur_diff_7k_minus_2k
20240207062907,front,34.12,15.0,19.12,False,0.0,True,../frodobots/frodobots_data/output_rides_1/ride_17988_20240207062907/recordings/a738c65663433133ae14dcab9e35a5f7_ride_17988__uid_s_1000__uid_e_video.m3u8,/home/ashish/fbots7k/extracted/frodobots_dataset/videos/ride_4828dd_20240207062907_front_camera.mp4,../frodobots/frodobots_data/output_rides_1/ride_17988_20240207062907,,-19.119999999999997
20240224002000,front,55.168,413.4,358.232,False,225.0,False,../frodobots/frodobots_data/output_rides_1/ride_19030_20240224002000/recordings/b8a58f2fae4e2272f5ceedbf7b22e988_ride_19030__uid_s_1001__uid_e_video.m3u8,/home/ashish/fbots7k/extracted/frodobots_dataset/videos/ride_ee0a18_20240224002000_front_camera.mp4,../frodobots/frodobots_data/output_rides_1/ride_19030_20240224002000,,358.23199999999997
20240224040606,front,209.832,216.1,6.268000000000001,False,1.0,True,../frodobots/frodobots_data/output_rides_1/ride_19077_20240224040606/recordings/f8ea98a5af4660d9c430cf8c286430f5_ride_19077__uid_s_1000__uid_e_video.m3u8,/home/ashish/fbots7k/extracted/frodobots_dataset/videos/ride_ee171f_20240224040606_front_camera.mp4,../frodobots/frodobots_data/output_rides_1/ride_19077_20240224040606,,6.268000000000001
20240227103815,front,46.39,36.15,10.240000000000002,False,0.0,True,../frodobots/frodobots_data/output_rides_1/ride_19401_20240227103815/recordings/d285240fd442aa10af7cc2be514c2667_ride_19401__uid_s_1000__uid_e_video.m3u8,/home/ashish/fbots7k/extracted/frodobots_dataset/videos/ride_4828dd_20240227103815_front_camera.mp4,../frodobots/frodobots_data/output_rides_1/ride_19401_20240227103815,,-10.240000000000002
20240228032045,front,147.037,145.65,1.3870000000000005,False,5.0,True,../frodobots/frodobots_data/output_rides_1/ride_19431_20240228032045/recordings/b46868694e481fca18042ab41ca53f24_ride_19431__uid_s_1000__uid_e_video.m3u8,/home/ashish/fbots7k/extracted/frodobots_dataset/videos/ride_ee0a18_20240228032045_front_camera.mp4,../frodobots/frodobots_data/output_rides_1/ride_19431_20240228032045,,-1.3870000000000005
20240301022049,front,281.998,282.1,0.1020000000000322,False,1.0,True,../frodobots/frodobots_data/output_rides_2/ride_19579_20240301022049/recordings/b8bbe3324f479e00c7dc36a2b4d0bc3c_ride_19579__uid_s_1000__uid_e_video.m3u8,/home/ashish/fbots7k/extracted/frodobots_dataset/videos/ride_4828dd_20240301022049_front_camera.mp4,../frodobots/frodobots_data/output_rides_2/ride_19579_20240301022049,,0.10200000000003229
20240301114936,front,2178.296,2166.25,12.045999999999822,False,0.0,True,../frodobots/frodobots_data/output_rides_2/ride_19649_20240301114936/recordings/808a0f03ac4c3f31784db9921a085054_ride_19649__uid_s_1000__uid_e_video.m3u8,/home/ashish/fbots7k/extracted/frodobots_dataset/videos/ride_389b7c_20240301114936_front_camera.mp4,../frodobots/frodobots_data/output_rides_2/ride_19649_20240301114936,,-12.045999999999822
20240302020420,front,631.785997,630.4,1.3859969999999748,False,2.0,True,../frodobots/frodobots_data/output_rides_2/ride_19698_20240302020420/recordings/83a79ec5cb48f0e81b6e04bf7b5443b5_ride_19698__uid_s_1000__uid_e_video.m3u8,/home/ashish/fbots7k/extracted/frodobots_dataset/videos/ride_ee0a18_20240302020420_front_camera.mp4,../frodobots/frodobots_data/output_rides_2/ride_19698_20240302020420,,-1.3859969999999748
20240302054615,front,622.846999,621.4,1.4469990000000053,False,1.0,True,../frodobots/frodobots_data/output_rides_2/ride_19725_20240302054615/recordings/3dc1965a25470d135fce71b7de94073d_ride_19725__uid_s_1000__uid_e_video.m3u8,/home/ashish/fbots7k/extracted/frodobots_dataset/videos/ride_ee0a18_20240302054615_front_camera.mp4,../frodobots/frodobots_data/output_rides_2/ride_19725_20240302054615,,-1.4469990000000053
20240302203019,front,44.714,44.85,0.1360000000000027,False,1.0,True,../frodobots/frodobots_data/output_rides_2/ride_19766_20240302203019/recordings/6b9cb103f546d36c09c770a1981f9c06_frodobot_ee0a18__uid_s_1000__uid_e_video.m3u8,/home/ashish/fbots7k/extracted/frodobots_dataset/videos/ride_ee0a18_20240302203019_front_camera.mp4,../frodobots/frodobots_data/output_rides_2/ride_19766_20240302203019,,0.13600000000000279
20240305072529,front,114.190999,113.05,1.140999000000008,False,2.0,True,../frodobots/frodobots_data/output_rides_2/ride_20027_20240305072529/recordings/c9cf77182f4590dad1d4d683a0cd9c52_ride_20027__uid_s_1000__uid_e_video.m3u8,/home/ashish/fbots7k/extracted/frodobots_dataset/videos/ride_4828dd_20240305072529_front_camera.mp4,../frodobots/frodobots_data/output_rides_2/ride_20027_20240305072529,,-1.1409990000000079
20240305072058,front,24.291,31.15,6.858999999999998,False,0.0,True,../frodobots/frodobots_data/output_rides_2/ride_20025_20240305072058/recordings/4b5f42354e4984a670a27cb8d3c88513_ride_20025__uid_s_1000__uid_e_video.m3u8,/home/ashish/fbots7k/extracted/frodobots_dataset/videos/ride_4828dd_20240305072058_front_camera.mp4,../frodobots/frodobots_data/output_rides_2/ride_20025_20240305072058,,6.858999999999998
20240309060351,front,61.82,38.4,23.42,False,0.0,True,../frodobots/frodobots_data/output_rides_2/ride_20602_20240309060351/recordings/b61ae074fa4c806ef191d2afe66a59b5_ride_20602__uid_s_1000__uid_e_video.m3u8,/home/ashish/fbots7k/extracted/frodobots_dataset/videos/ride_577967_20240309060351_front_camera.mp4,../frodobots/frodobots_data/output_rides_2/ride_20602_20240309060351,,-23.42
20240311041445,front,3445.699,3433.2,12.499000000000253,False,4.0,True,../frodobots/frodobots_data/output_rides_3/ride_20742_20240311041445/recordings/02f1329ec8435b74190ca8bdffc3513c_ride_20742__uid_s_1000__uid_e_video.m3u8,/home/ashish/fbots7k/extracted/frodobots_dataset/videos/ride_ee171f_20240311041445_front_camera.mp4,../frodobots/frodobots_data/output_rides_3/ride_20742_20240311041445,,-12.499000000000251
20240311202707,front,213.264999,220.4,7.135001000000017,False,0.0,True,../frodobots/frodobots_data/output_rides_3/ride_20876_20240311202707/recordings/58d06879f74b267613cf17956b6dfaae_ride_20876__uid_s_1000__uid_e_video.m3u8,/home/ashish/fbots7k/extracted/frodobots_dataset/videos/ride_389b7c_20240311202707_front_camera.mp4,../frodobots/frodobots_data/output_rides_3/ride_20876_20240311202707,,7.135001000000017
20240312000156,front,148.748,148.85,0.1020000000000038,False,0.0,True,../frodobots/frodobots_data/output_rides_3/ride_20901_20240312000156/recordings/b6acdc15684bd43088f8a1a5fb92421a_ride_20901__uid_s_1000__uid_e_video.m3u8,/home/ashish/fbots7k/extracted/frodobots_dataset/videos/ride_ee0a18_20240312000156_front_camera.mp4,../frodobots/frodobots_data/output_rides_3/ride_20901_20240312000156,,0.10200000000000387
20240312062259,front,213.588,192.95,20.638000000000005,False,0.0,True,../frodobots/frodobots_data/output_rides_3/ride_20983_20240312062259/recordings/1579d903b44a7189d9968f99c799ec37_ride_20983__uid_s_1000__uid_e_video.m3u8,/home/ashish/fbots7k/extracted/frodobots_dataset/videos/ride_ee171f_20240312062259_front_camera.mp4,../frodobots/frodobots_data/output_rides_3/ride_20983_20240312062259,,-20.638000000000005
20240313011852,front,86.677,0.60251,86.07449000000001,False,0.0,True,../frodobots/frodobots_data/output_rides_3/ride_21124_20240313011852/recordings/ea5de063bc475ce5ff20f8a6427070b3_ride_21124__uid_s_1000__uid_e_video.m3u8,/home/ashish/fbots7k/extracted/frodobots_dataset/videos/ride_577967_20240313011852_front_camera.mp4,../frodobots/frodobots_data/output_rides_3/ride_21124_20240313011852,,-86.07449000000001
20240313114112,front,336.81,337.15,0.339999999999975,False,0.0,True,../frodobots/frodobots_data/output_rides_3/ride_21247_20240313114112/recordings/45f3be62e14dcb60944690b4db8632c3_ride_21247__uid_s_1000__uid_e_video.m3u8,/home/ashish/fbots7k/extracted/frodobots_dataset/videos/ride_608200_20240313114112_front_camera.mp4,../frodobots/frodobots_data/output_rides_3/ride_21247_20240313114112,,0.339999999999975
20240313133101,front,1216.098,1216.2,0.1020000000000891,False,0.0,True,../frodobots/frodobots_data/output_rides_3/ride_21263_20240313133101/recordings/10e645a84044382450feae80edd41f8e_ride_21263__uid_s_1000__uid_e_video.m3u8,/home/ashish/fbots7k/extracted/frodobots_dataset/videos/ride_608200_20240313133101_front_camera.mp4,../frodobots/frodobots_data/output_rides_3/ride_21263_20240313133101,,0.10200000000008913
20240314091133,front,538.326,524.85,13.476,False,2.0,True,../frodobots/frodobots_data/output_rides_3/ride_21478_20240314091133/recordings/9a62dd34394c35183a0f7291c6e3a3f2_ride_21478__uid_s_1000__uid_e_video.m3u8,/home/ashish/fbots7k/extracted/frodobots_dataset/videos/ride_ee171f_20240314091133_front_camera.mp4,../frodobots/frodobots_data/output_rides_3/ride_21478_20240314091133,,-13.475999999999999
20240315032133,front,39.376,5.3,34.076,False,2.0,True,../frodobots/frodobots_data/output_rides_3/ride_21651_20240315032133/recordings/ef4177d0e14e68aa3800179b985d23f1_ride_21651__uid_s_1000__uid_e_video.m3u8,/home/ashish/fbots7k/extracted/frodobots_dataset/videos/ride_577967_20240315032133_front_camera.mp4,../frodobots/frodobots_data/output_rides_3/ride_21651_20240315032133,,-34.076
20240315032433,front,39.888,0.987654,38.900346,False,9.0,True,../frodobots/frodobots_data/output_rides_3/ride_21653_20240315032433/recordings/a9ba74ca9f4c5ac9852f17859fd513fa_ride_21653__uid_s_1000__uid_e_video.m3u8,/home/ashish/fbots7k/extracted/frodobots_dataset/videos/ride_577967_20240315032433_front_camera.mp4,../frodobots/frodobots_data/output_rides_3/ride_21653_20240315032433,,-38.900346
20240315053908,front,1388.895997,1267.15,121.745997,False,0.0,True,../frodobots/frodobots_data/output_rides_3/ride_21683_20240315053908/recordings/befb7fc7f6432e9eedb9c792d8818d4c_ride_21683__uid_s_1000__uid_e_video.m3u8,/home/ashish/fbots7k/extracted/frodobots_dataset/videos/ride_577967_20240315053908_front_camera.mp4,../frodobots/frodobots_data/output_rides_3/ride_21683_20240315053908,,-121.74599699999999
20240315060456,front,1386.564999,814.95,571.6149989999999,False,4.0,True,../frodobots/frodobots_data/output_rides_3/ride_21691_20240315060456/recordings/fceb8520214b3044a5d67f8997083d13_ride_21691__uid_s_1000__uid_e_video.m3u8,/home/ashish/fbots7k/extracted/frodobots_dataset/videos/ride_577967_20240315060456_front_camera.mp4,../frodobots/frodobots_data/output_rides_3/ride_21691_20240315060456,,-571.6149989999999
20240317064122,front,857.032,864.75,7.717999999999961,False,0.0,True,../frodobots/frodobots_data/output_rides_4/ride_21977_20240317064122/recordings/574d4c67a94d23fa58421691dea19551_ride_21977__uid_s_1000__uid_e_video.m3u8,/home/ashish/fbots7k/extracted/frodobots_dataset/videos/ride_ee171f_20240317064122_front_camera.mp4,../frodobots/frodobots_data/output_rides_4/ride_21977_20240317064122,,7.717999999999961
20240318045611,front,78.184,64.15,14.033999999999992,False,2.0,True,../frodobots/frodobots_data/output_rides_4/ride_22080_20240318045611/recordings/1ec6b85c9f44db218441f182b05ec22b_ride_22080__uid_s_1000__uid_e_video.m3u8,/home/ashish/fbots7k/extracted/frodobots_dataset/videos/ride_a8f8dd_20240318045611_front_camera.mp4,../frodobots/frodobots_data/output_rides_4/ride_22080_20240318045611,,-14.033999999999992
20240318092841,front,551.629,527.35,24.279,False,0.0,True,../frodobots/frodobots_data/output_rides_4/ride_22147_20240318092841/recordings/7ab69792eb4d125b1b7d86803bf0fa1c_ride_22147__uid_s_1000__uid_e_video.m3u8,/home/ashish/fbots7k/extracted/frodobots_dataset/videos/ride_ee171f_20240318092841_front_camera.mp4,../frodobots/frodobots_data/output_rides_4/ride_22147_20240318092841,,-24.278999999999996
20240318104055,front,1627.804,1616.2,11.604000000000042,False,0.0,True,../frodobots/frodobots_data/output_rides_4/ride_22162_20240318104055/recordings/7a33b43f3b4fb3d6d42aef90ce9e44b5_ride_22162__uid_s_1000__uid_e_video.m3u8,/home/ashish/fbots7k/extracted/frodobots_dataset/videos/ride_c95741_20240318104055_front_camera.mp4,../frodobots/frodobots_data/output_rides_4/ride_22162_20240318104055,,-11.604000000000042
20240318111400,front,108.257,96.75,11.507000000000003,False,1.0,True,../frodobots/frodobots_data/output_rides_4/ride_22168_20240318111400/recordings/8913ec32144ec6947b05ba9f73a1fc27_ride_22168__uid_s_1000__uid_e_video.m3u8,/home/ashish/fbots7k/extracted/frodobots_dataset/videos/ride_389b7c_20240318111400_front_camera.mp4,../frodobots/frodobots_data/output_rides_4/ride_22168_20240318111400,,-11.507000000000005
20240318112758,front,68.527,58.1,10.427,False,0.0,True,../frodobots/frodobots_data/output_rides_4/ride_22173_20240318112758/recordings/f736847f9b4ac164ed57709c8c88e1a9_ride_22173__uid_s_1000__uid_e_video.m3u8,/home/ashish/fbots7k/extracted/frodobots_dataset/videos/ride_389b7c_20240318112758_front_camera.mp4,../frodobots/frodobots_data/output_rides_4/ride_22173_20240318112758,,-10.427
20240318113604,front,61.015999,45.35,15.665999,False,0.0,True,../frodobots/frodobots_data/output_rides_4/ride_22176_20240318113604/recordings/41d2b858e94414f13f8cf88cd499fe34_ride_22176__uid_s_1000__uid_e_video.m3u8,/home/ashish/fbots7k/extracted/frodobots_dataset/videos/ride_389b7c_20240318113604_front_camera.mp4,../frodobots/frodobots_data/output_rides_4/ride_22176_20240318113604,,-15.665999
20240318115401,front,1997.296,1986.9,10.395999999999958,False,0.0,True,../frodobots/frodobots_data/output_rides_4/ride_22183_20240318115401/recordings/799c714bdc456f7ef34525962c00a938_ride_22183__uid_s_1000__uid_e_video.m3u8,/home/ashish/fbots7k/extracted/frodobots_dataset/videos/ride_389b7c_20240318115401_front_camera.mp4,../frodobots/frodobots_data/output_rides_4/ride_22183_20240318115401,,-10.395999999999958
20240318190216,front,605.029,612.0,6.971000000000004,False,1.0,True,../frodobots/frodobots_data/output_rides_4/ride_22227_20240318190216/recordings/eaf39195c44caed1f56e5eb633cf713e_ride_22227__uid_s_1000__uid_e_video.m3u8,/home/ashish/fbots7k/extracted/frodobots_dataset/videos/ride_501d67_20240318190216_front_camera.mp4,../frodobots/frodobots_data/output_rides_4/ride_22227_20240318190216,,6.971000000000004
20240319030731,front,249.585,225.75,23.835000000000008,False,0.0,True,../frodobots/frodobots_data/output_rides_4/ride_22319_20240319030731/recordings/dde10f47e4418fa3e59a929fa1918d61_ride_22319__uid_s_1000__uid_e_video.m3u8,/home/ashish/fbots7k/extracted/frodobots_dataset/videos/ride_ee171f_20240319030731_front_camera.mp4,../frodobots/frodobots_data/output_rides_4/ride_22319_20240319030731,,-23.835000000000008
20240319030021,front,1276.733,1266.2,10.532999999999902,False,2.0,True,../frodobots/frodobots_data/output_rides_4/ride_22317_20240319030021/recordings/a1c01ce83741d46c8b52aebac21298f2_ride_22317__uid_s_1000__uid_e_video.m3u8,/home/ashish/fbots7k/extracted/frodobots_dataset/videos/ride_a8f8dd_20240319030021_front_camera.mp4,../frodobots/frodobots_data/output_rides_4/ride_22317_20240319030021,,-10.532999999999902
20240320050807,front,1325.873999,1273.6,52.273999,False,2.0,True,../frodobots/frodobots_data/output_rides_4/ride_22610_20240320050807/recordings/e4d17219414e8c7fa050399effba8193_ride_22610__uid_s_1000__uid_e_video.m3u8,/home/ashish/fbots7k/extracted/frodobots_dataset/videos/ride_389b7c_20240320050807_front_camera.mp4,../frodobots/frodobots_data/output_rides_4/ride_22610_20240320050807,,-52.273999
20240320084120,front,1257.598,1257.7,0.1020000000000891,False,1.0,True,../frodobots/frodobots_data/output_rides_4/ride_22669_20240320084120/recordings/c219cac8364e57ca9924948e1533f4d3_ride_22669__uid_s_1000__uid_e_video.m3u8,/home/ashish/fbots7k/extracted/frodobots_dataset/videos/ride_608200_20240320084120_front_camera.mp4,../frodobots/frodobots_data/output_rides_4/ride_22669_20240320084120,,0.10200000000008913
20240320090811,front,1438.448,1438.55,0.1019999999998617,False,3.0,True,../frodobots/frodobots_data/output_rides_4/ride_22679_20240320090811/recordings/1369ae9a804d93d46c46318856fdeed3_ride_22679__uid_s_1000__uid_e_video.m3u8,/home/ashish/fbots7k/extracted/frodobots_dataset/videos/ride_608200_20240320090811_front_camera.mp4,../frodobots/frodobots_data/output_rides_4/ride_22679_20240320090811,,0.10199999999986176
20240320120406,front,1081.147999,1081.25,0.1020009999999729,False,2.0,True,../frodobots/frodobots_data/output_rides_4/ride_22713_20240320120406/recordings/4ee358554648202af81e68a13a6aa106_ride_22713__uid_s_1000__uid_e_video.m3u8,/home/ashish/fbots7k/extracted/frodobots_dataset/videos/ride_608200_20240320120406_front_camera.mp4,../frodobots/frodobots_data/output_rides_4/ride_22713_20240320120406,,0.10200099999997292
20240320122510,front,750.464,750.6,0.1359999999999672,False,0.0,True,../frodobots/frodobots_data/output_rides_4/ride_22716_20240320122510/recordings/4aa08904e4410849ae4e86a45a7df443_ride_22716__uid_s_1000__uid_e_video.m3u8,/home/ashish/fbots7k/extracted/frodobots_dataset/videos/ride_608200_20240320122510_front_camera.mp4,../frodobots/frodobots_data/output_rides_4/ride_22716_20240320122510,,0.13599999999996726
20240320124157,front,1117.444,1117.6,0.155999999999949,False,0.0,True,../frodobots/frodobots_data/output_rides_4/ride_22721_20240320124157/recordings/a902a8310e4d914f8bb622a585c60dc6_ride_22721__uid_s_1000__uid_e_video.m3u8,/home/ashish/fbots7k/extracted/frodobots_dataset/videos/ride_608200_20240320124157_front_camera.mp4,../frodobots/frodobots_data/output_rides_4/ride_22721_20240320124157,,0.15599999999994907
20240320130544,front,1229.946,1230.15,0.2040000000001782,False,0.0,True,../frodobots/frodobots_data/output_rides_4/ride_22723_20240320130544/recordings/3d6770bfba451ea15efff9908b529d1a_ride_22723__uid_s_1000__uid_e_video.m3u8,/home/ashish/fbots7k/extracted/frodobots_dataset/videos/ride_608200_20240320130544_front_camera.mp4,../frodobots/frodobots_data/output_rides_4/ride_22723_20240320130544,,0.20400000000017826
20240320132958,front,1751.648,1751.75,0.1020000000000891,False,0.0,True,../frodobots/frodobots_data/output_rides_4/ride_22727_20240320132958/recordings/9485c9c5f443f5c67d1613acfd13bd47_ride_22727__uid_s_1000__uid_e_video.m3u8,/home/ashish/fbots7k/extracted/frodobots_dataset/videos/ride_608200_20240320132958_front_camera.mp4,../frodobots/frodobots_data/output_rides_4/ride_22727_20240320132958,,0.10200000000008913
20240320140219,front,1346.779999,1346.95,0.1700009999999565,False,0.0,True,../frodobots/frodobots_data/output_rides_4/ride_22729_20240320140219/recordings/eba310c1ae4f19fd5cbc7bbcaf84f473_ride_22729__uid_s_1000__uid_e_video.m3u8,/home/ashish/fbots7k/extracted/frodobots_dataset/videos/ride_608200_20240320140219_front_camera.mp4,../frodobots/frodobots_data/output_rides_4/ride_22729_20240320140219,,0.17000099999995655
20240320150448,front,1185.296,1185.5,0.2039999999999509,False,1.0,True,../frodobots/frodobots_data/output_rides_4/ride_22740_20240320150448/recordings/9c1ce1c911486989fa93b5bdd2d460ea_ride_22740__uid_s_1000__uid_e_video.m3u8,/home/ashish/fbots7k/extracted/frodobots_dataset/videos/ride_608200_20240320150448_front_camera.mp4,../frodobots/frodobots_data/output_rides_4/ride_22740_20240320150448,,0.2039999999999509
20240321003247,front,604.190999,605.85,1.6590009999999893,False,2.0,True,../frodobots/frodobots_data/output_rides_5/ride_22851_20240321003247/recordings/63a544052b42895cb0117da8c8bc8fb0_ride_22851__uid_s_1000__uid_e_video.m3u8,/home/ashish/fbots7k/extracted/frodobots_dataset/videos/ride_389b7c_20240321003247_front_camera.mp4,../frodobots/frodobots_data/output_rides_5/ride_22851_20240321003247,,1.6590009999999893
20240321004305,front,350.810998,338.8,12.010997999999972,False,1.0,True,../frodobots/frodobots_data/output_rides_5/ride_22852_20240321004305/recordings/5171542ad244e1d081d47cbb848999b2_ride_22852__uid_s_1000__uid_e_video.m3u8,/home/ashish/fbots7k/extracted/frodobots_dataset/videos/ride_389b7c_20240321004305_front_camera.mp4,../frodobots/frodobots_data/output_rides_5/ride_22852_20240321004305,,-12.010997999999972
20240321030601,front,663.832,670.15,6.317999999999984,False,1.0,True,../frodobots/frodobots_data/output_rides_5/ride_22899_20240321030601/recordings/1c08034620468626ef7759a319b96e50_ride_22899__uid_s_1000__uid_e_video.m3u8,/home/ashish/fbots7k/extracted/frodobots_dataset/videos/ride_ee171f_20240321030601_front_camera.mp4,../frodobots/frodobots_data/output_rides_5/ride_22899_20240321030601,,6.317999999999984
20240321072242,front,831.102,819.65,11.451999999999998,False,0.0,True,../frodobots/frodobots_data/output_rides_5/ride_22971_20240321072242/recordings/8c2cd41bf841b8b1889d74adc8e1bbfd_ride_22971__uid_s_1000__uid_e_video.m3u8,/home/ashish/fbots7k/extracted/frodobots_dataset/videos/ride_dd820f_20240321072242_front_camera.mp4,../frodobots/frodobots_data/output_rides_5/ride_22971_20240321072242,,-11.451999999999998
20240321082755,front,752.554999,714.85,37.70499899999993,False,1.0,True,../frodobots/frodobots_data/output_rides_5/ride_22987_20240321082755/recordings/d75c9ec18d44cd0c67146cb1ebbb3a43_ride_22987__uid_s_1000__uid_e_video.m3u8,/home/ashish/fbots7k/extracted/frodobots_dataset/videos/ride_ee171f_20240321082755_front_camera.mp4,../frodobots/frodobots_data/output_rides_5/ride_22987_20240321082755,,-37.70499899999993
20240321092141,front,495.133,567.35,72.21700000000004,False,131.0,False,../frodobots/frodobots_data/output_rides_5/ride_23001_20240321092141/recordings/8d7da07439457913c82ad6b32f0cfad7_ride_23001__uid_s_1001__uid_e_video.m3u8,/home/ashish/fbots7k/extracted/frodobots_dataset/videos/ride_a8f8dd_20240321092141_front_camera.mp4,../frodobots/frodobots_data/output_rides_5/ride_23001_20240321092141,,72.21700000000004
20240322015409,front,635.249,624.7,10.548999999999978,False,4.0,True,../frodobots/frodobots_data/output_rides_5/ride_23185_20240322015409/recordings/bbe52a95b24edb6519328ba675922954_ride_23185__uid_s_1000__uid_e_video.m3u8,/home/ashish/fbots7k/extracted/frodobots_dataset/videos/ride_dd820f_20240322015409_front_camera.mp4,../frodobots/frodobots_data/output_rides_5/ride_23185_20240322015409,,-10.548999999999978
20240322021026,front,977.081999,959.05,18.03199900000004,False,5.0,True,../frodobots/frodobots_data/output_rides_5/ride_23193_20240322021026/recordings/376a0337a04cae03b9e1c7aee986b9a0_ride_23193__uid_s_1000__uid_e_video.m3u8,/home/ashish/fbots7k/extracted/frodobots_dataset/videos/ride_577967_20240322021026_front_camera.mp4,../frodobots/frodobots_data/output_rides_5/ride_23193_20240322021026,,-18.03199900000004
20240322043954,front,202.277,191.85,10.426999999999992,False,1.0,True,../frodobots/frodobots_data/output_rides_5/ride_23258_20240322043954/recordings/923763c81b4ee1c7401fcc9abaedbb59_ride_23258__uid_s_1000__uid_e_video.m3u8,/home/ashish/fbots7k/extracted/frodobots_dataset/videos/ride_ee171f_20240322043954_front_camera.mp4,../frodobots/frodobots_data/output_rides_5/ride_23258_20240322043954,,-10.426999999999992
20240322085508,front,1435.808,1425.65,10.157999999999902,False,2.0,True,../frodobots/frodobots_data/output_rides_5/ride_23322_20240322085508/recordings/4ad8d6c66e44eeebf0af48a7c1b97102_ride_23322__uid_s_1000__uid_e_video.m3u8,/home/ashish/fbots7k/extracted/frodobots_dataset/videos/ride_577967_20240322085508_front_camera.mp4,../frodobots/frodobots_data/output_rides_5/ride_23322_20240322085508,,-10.157999999999902
20240322100855,front,959.995,960.1,0.1050000000000181,False,0.0,True,../frodobots/frodobots_data/output_rides_5/ride_23354_20240322100855/recordings/ad9fc1f96d4272e5c68a8eb07568976c_ride_23354__uid_s_1000__uid_e_video.m3u8,/home/ashish/fbots7k/extracted/frodobots_dataset/videos/ride_608200_20240322100855_front_camera.mp4,../frodobots/frodobots_data/output_rides_5/ride_23354_20240322100855,,0.10500000000001819
20240323023951,front,785.529,771.2,14.32899999999995,False,2.0,True,../frodobots/frodobots_data/output_rides_5/ride_23572_20240323023951/recordings/52569175f942d729978db9bd3a8e110e_ride_23572__uid_s_1000__uid_e_video.m3u8,/home/ashish/fbots7k/extracted/frodobots_dataset/videos/ride_e9ebea_20240323023951_front_camera.mp4,../frodobots/frodobots_data/output_rides_5/ride_23572_20240323023951,,-14.32899999999995
20240323152704,front,1970.617,1959.0,11.616999999999962,False,2.0,True,../frodobots/frodobots_data/output_rides_5/ride_23711_20240323152704/recordings/595a331db24ce21e4e80df9fb0b22fff_ride_23711__uid_s_1000__uid_e_video.m3u8,/home/ashish/fbots7k/extracted/frodobots_dataset/videos/ride_fd3b1c_20240323152704_front_camera.mp4,../frodobots/frodobots_data/output_rides_5/ride_23711_20240323152704,,-11.616999999999962
20240323160009,front,1886.372,1875.85,10.522000000000162,False,3.0,True,../frodobots/frodobots_data/output_rides_5/ride_23720_20240323160009/recordings/8260cfe2a0453bbe22ffe9b81ae59241_ride_23720__uid_s_1000__uid_e_video.m3u8,/home/ashish/fbots7k/extracted/frodobots_dataset/videos/ride_fd3b1c_20240323160009_front_camera.mp4,../frodobots/frodobots_data/output_rides_5/ride_23720_20240323160009,,-10.522000000000162
20240323163955,front,1728.591999,1718.35,10.241999000000078,False,1.0,True,../frodobots/frodobots_data/output_rides_5/ride_23735_20240323163955/recordings/8fbea22254447e563a5fde99f1593da0_ride_23735__uid_s_1000__uid_e_video.m3u8,/home/ashish/fbots7k/extracted/frodobots_dataset/videos/ride_fd3b1c_20240323163955_front_camera.mp4,../frodobots/frodobots_data/output_rides_5/ride_23735_20240323163955,,-10.241999000000078
20240323172735,front,769.829999,748.8,21.02999900000009,False,1.0,True,../frodobots/frodobots_data/output_rides_5/ride_23742_20240323172735/recordings/42fabff03d4464a8578849b0e101a631_ride_23742__uid_s_1000__uid_e_video.m3u8,/home/ashish/fbots7k/extracted/frodobots_dataset/videos/ride_fd3b1c_20240323172735_front_camera.mp4,../frodobots/frodobots_data/output_rides_5/ride_23742_20240323172735,,-21.02999900000009
20240323195639,front,1993.57,1983.5,10.069999999999936,False,8.0,True,../frodobots/frodobots_data/output_rides_6/ride_23769_20240323195639/recordings/8f2298b0db44c0c1dc4dcab5262795d0_ride_23769__uid_s_1000__uid_e_video.m3u8,/home/ashish/fbots7k/extracted/frodobots_dataset/videos/ride_4c508b_20240323195639_front_camera.mp4,../frodobots/frodobots_data/output_rides_6/ride_23769_20240323195639,,-10.069999999999936
20240325074556,front,1001.728,983.4,18.32799999999997,False,8.0,True,../frodobots/frodobots_data/output_rides_6/ride_24102_20240325074556/recordings/7bc979ade04deb53de50dfaf389b020b_ride_24102__uid_s_1000__uid_e_video.m3u8,/home/ashish/fbots7k/extracted/frodobots_dataset/videos/ride_577967_20240325074556_front_camera.mp4,../frodobots/frodobots_data/output_rides_6/ride_24102_20240325074556,,-18.327999999999975
20240325092222,front,545.334,880.25,334.91600000000005,False,104.0,False,../frodobots/frodobots_data/output_rides_6/ride_24120_20240325092222/recordings/1ceaa648954773c7a68d8ba3770e81a8_ride_24120__uid_s_1000__uid_e_video.m3u8,/home/ashish/fbots7k/extracted/frodobots_dataset/videos/ride_577967_20240325092222_front_camera.mp4,../frodobots/frodobots_data/output_rides_6/ride_24120_20240325092222,,334.91600000000005
20240325093825,front,558.616,534.2,24.41599999999994,False,74.0,False,../frodobots/frodobots_data/output_rides_6/ride_24125_20240325093825/recordings/84800d724749d6e2dcc1beb963ae4d6a_ride_24125__uid_s_1000__uid_e_video.m3u8,/home/ashish/fbots7k/extracted/frodobots_dataset/videos/ride_195200_20240325093825_front_camera.mp4,../frodobots/frodobots_data/output_rides_6/ride_24125_20240325093825,,-24.41599999999994
20240325211716,front,483.818,482.4,1.4180000000000064,False,1.0,True,../frodobots/frodobots_data/output_rides_6/ride_24255_20240325211716/recordings/df5b520eef43c1a0f4d343969b40b16c_ride_24255__uid_s_1000__uid_e_video.m3u8,/home/ashish/fbots7k/extracted/frodobots_dataset/videos/ride_aab0ed_20240325211716_front_camera.mp4,../frodobots/frodobots_data/output_rides_6/ride_24255_20240325211716,,-1.4180000000000064
20240326032334,front,1182.645,1179.2,3.4449999999999363,False,0.0,True,../frodobots/frodobots_data/output_rides_6/ride_24342_20240326032334/recordings/ca66f2e5554aca5a9bce59b474fe9f71_ride_24342__uid_s_1000__uid_e_video.m3u8,/home/ashish/fbots7k/extracted/frodobots_dataset/videos/ride_dfac7a_20240326032334_front_camera.mp4,../frodobots/frodobots_data/output_rides_6/ride_24342_20240326032334,,-3.4449999999999363
20240326092255,front,840.384,827.0,13.384000000000016,False,1.0,True,../frodobots/frodobots_data/output_rides_6/ride_24435_20240326092255/recordings/7ab499261a47188a2048c2937be5d117_ride_24435__uid_s_1000__uid_e_video.m3u8,/home/ashish/fbots7k/extracted/frodobots_dataset/videos/ride_577967_20240326092255_front_camera.mp4,../frodobots/frodobots_data/output_rides_6/ride_24435_20240326092255,,-13.384000000000015
20240326194625,front,166.012999,144.35,21.662999000000013,False,2.0,True,../frodobots/frodobots_data/output_rides_6/ride_24559_20240326194625/recordings/ce76340f564a0aaa83f553b914325a9b_ride_24559__uid_s_1000__uid_e_video.m3u8,/home/ashish/fbots7k/extracted/frodobots_dataset/videos/ride_4c508b_20240326194625_front_camera.mp4,../frodobots/frodobots_data/output_rides_6/ride_24559_20240326194625,,-21.662999000000013
20240327020632,front,685.906,670.75,15.155999999999947,False,2.0,True,../frodobots/frodobots_data/output_rides_6/ride_24623_20240327020632/recordings/8c6f4a671a4ed13c55ad819f198167d8_ride_24623__uid_s_1000__uid_e_video.m3u8,/home/ashish/fbots7k/extracted/frodobots_dataset/videos/ride_577967_20240327020632_front_camera.mp4,../frodobots/frodobots_data/output_rides_6/ride_24623_20240327020632,,-15.155999999999949
20240327073612,front,775.982,784.45,8.468000000000075,False,1.0,True,../frodobots/frodobots_data/output_rides_6/ride_24683_20240327073612/recordings/6cd499bb7e4c64069b49b294a2a5194a_ride_24683__uid_s_1000__uid_e_video.m3u8,/home/ashish/fbots7k/extracted/frodobots_dataset/videos/ride_a8f8dd_20240327073612_front_camera.mp4,../frodobots/frodobots_data/output_rides_6/ride_24683_20240327073612,,8.468000000000075
20240327081022,front,720.532,728.15,7.617999999999938,False,0.0,True,../frodobots/frodobots_data/output_rides_6/ride_24694_20240327081022/recordings/6196209b4649caf2d277a5a6f8e894a3_ride_24694__uid_s_1000__uid_e_video.m3u8,/home/ashish/fbots7k/extracted/frodobots_dataset/videos/ride_a8f8dd_20240327081022_front_camera.mp4,../frodobots/frodobots_data/output_rides_6/ride_24694_20240327081022,,7.617999999999938
20240327210518,front,2499.239999,2499.35,0.1100010000000111,False,2.0,True,../frodobots/frodobots_data/output_rides_7/ride_24897_20240327210518/recordings/362782ee6f49de26480047916c45c424_ride_24897__uid_s_1000__uid_e_video.m3u8,/home/ashish/fbots7k/extracted/frodobots_dataset/videos/ride_12c404_20240327210518_front_camera.mp4,../frodobots/frodobots_data/output_rides_7/ride_24897_20240327210518,,0.11000100000001112
20240328014555,front,534.7,538.0,3.2999999999999545,False,1.0,True,../frodobots/frodobots_data/output_rides_7/ride_24949_20240328014555/recordings/b027e1b7c24b7f8127c852b5e23bd135_ride_24949__uid_s_1000__uid_e_video.m3u8,/home/ashish/fbots7k/extracted/frodobots_dataset/videos/ride_a8f8dd_20240328014555_front_camera.mp4,../frodobots/frodobots_data/output_rides_7/ride_24949_20240328014555,,3.2999999999999545
20240328043926,front,599.032,606.05,7.017999999999915,False,1.0,True,../frodobots/frodobots_data/output_rides_7/ride_24993_20240328043926/recordings/b9094f5e844258dea4ce2593b5ca9b5b_ride_24993__uid_s_1000__uid_e_video.m3u8,/home/ashish/fbots7k/extracted/frodobots_dataset/videos/ride_a8f8dd_20240328043926_front_camera.mp4,../frodobots/frodobots_data/output_rides_7/ride_24993_20240328043926,,7.017999999999915
20240328065516,front,502.882,510.75,7.867999999999995,False,6.0,True,../frodobots/frodobots_data/output_rides_7/ride_25023_20240328065516/recordings/110dca5056438868f3d6edb15b86d34e_ride_25023__uid_s_1000__uid_e_video.m3u8,/home/ashish/fbots7k/extracted/frodobots_dataset/videos/ride_a8f8dd_20240328065516_front_camera.mp4,../frodobots/frodobots_data/output_rides_7/ride_25023_20240328065516,,7.867999999999995
20240328084430,front,988.344,947.65,40.69400000000008,False,0.0,True,../frodobots/frodobots_data/output_rides_7/ride_25053_20240328084430/recordings/dc5802caaf4eff6dc6dacd84d368f754_ride_25053__uid_s_1000__uid_e_video.m3u8,/home/ashish/fbots7k/extracted/frodobots_dataset/videos/ride_577967_20240328084430_front_camera.mp4,../frodobots/frodobots_data/output_rides_7/ride_25053_20240328084430,,-40.694000000000074
20240405010119,front,453.229,442.65,10.579000000000008,False,2.0,True,../frodobots/frodobots_data/output_rides_9/ride_27673_20240405010119/recordings/51e0ceadbd4b3f40c2fe03a55f41b48f_ride_27673__uid_s_1000__uid_e_video.m3u8,/home/ashish/fbots7k/extracted/frodobots_dataset/videos/ride_722741_20240405010119_front_camera.mp4,../frodobots/frodobots_data/output_rides_9/ride_27673_20240405010119,,-10.579000000000008
20240405024913,front,731.772,730.35,1.4220000000000257,False,4.0,True,../frodobots/frodobots_data/output_rides_9/ride_27721_20240405024913/recordings/3c0c2321a84da8591efa408693caa7ad_ride_27721__uid_s_1000__uid_e_video.m3u8,/home/ashish/fbots7k/extracted/frodobots_dataset/videos/ride_577967_20240405024913_front_camera.mp4,../frodobots/frodobots_data/output_rides_9/ride_27721_20240405024913,,-1.4220000000000255
20240405032911,front,945.399999,945.5,0.1000010000000202,False,1.0,True,../frodobots/frodobots_data/output_rides_9/ride_27738_20240405032911/recordings/1b9fed48794d9fb7464b50875c621dcb_ride_27738__uid_s_1000__uid_e_video.m3u8,/home/ashish/fbots7k/extracted/frodobots_dataset/videos/ride_dfac7a_20240405032911_front_camera.mp4,../frodobots/frodobots_data/output_rides_9/ride_27738_20240405032911,,0.10000100000002021
20240405051436,front,926.366998,914.65,11.71699799999999,False,3.0,True,../frodobots/frodobots_data/output_rides_9/ride_27776_20240405051436/recordings/8e1ca4e2624a305dfb3bd8b5efb09d2f_ride_27776__uid_s_1000__uid_e_video.m3u8,/home/ashish/fbots7k/extracted/frodobots_dataset/videos/ride_577967_20240405051436_front_camera.mp4,../frodobots/frodobots_data/output_rides_9/ride_27776_20240405051436,,-11.71699799999999
20240405090448,front,79.077,66.3,12.777,False,1.0,True,../frodobots/frodobots_data/output_rides_10/ride_27838_20240405090448/recordings/66939bb80c449cf323ba648ecc4ac7a1_ride_27838__uid_s_1000__uid_e_video.m3u8,/home/ashish/fbots7k/extracted/frodobots_dataset/videos/ride_315200_20240405090448_front_camera.mp4,../frodobots/frodobots_data/output_rides_10/ride_27838_20240405090448,,-12.777000000000001
20240405091552,front,599.158999,587.2,11.958998999999949,False,4.0,True,../frodobots/frodobots_data/output_rides_10/ride_27842_20240405091552/recordings/014c5c1ca142accbc2d8c88e5bbe74c6_ride_27842__uid_s_1000__uid_e_video.m3u8,/home/ashish/fbots7k/extracted/frodobots_dataset/videos/ride_577967_20240405091552_front_camera.mp4,../frodobots/frodobots_data/output_rides_10/ride_27842_20240405091552,,-11.958998999999949
20240405141211,front,60.743,59.35,1.393000000000001,False,2.0,True,../frodobots/frodobots_data/output_rides_10/ride_27928_20240405141211/recordings/c5f43bd8444c15494ecc6d85402e990f_ride_27928__uid_s_1000__uid_e_video.m3u8,/home/ashish/fbots7k/extracted/frodobots_dataset/videos/ride_dceec4_20240405141211_front_camera.mp4,../frodobots/frodobots_data/output_rides_10/ride_27928_20240405141211,,-1.3930000000000007
20240406065508,front,814.138999,799.6,14.53899899999999,False,3.0,True,../frodobots/frodobots_data/output_rides_10/ride_28151_20240406065508/recordings/d64557cddb49d7ca7231bd8aaa120bff_ride_28151__uid_s_1000__uid_e_video.m3u8,/home/ashish/fbots7k/extracted/frodobots_dataset/videos/ride_577967_20240406065508_front_camera.mp4,../frodobots/frodobots_data/output_rides_10/ride_28151_20240406065508,,-14.53899899999999
20240406064036,front,790.002999,770.55,19.45299900000009,False,2.0,True,../frodobots/frodobots_data/output_rides_10/ride_28147_20240406064036/recordings/ca0094614c4f00dce2ba54bc73596328_ride_28147__uid_s_1000__uid_e_video.m3u8,/home/ashish/fbots7k/extracted/frodobots_dataset/videos/ride_577967_20240406064036_front_camera.mp4,../frodobots/frodobots_data/output_rides_10/ride_28147_20240406064036,,-19.45299900000009
20240406100413,front,825.661,787.5,38.160999999999945,False,0.0,True,../frodobots/frodobots_data/output_rides_11/ride_28173_20240406100413/recordings/a6b1b544da4fc591c04900a6d4e420ee_ride_28173__uid_s_1000__uid_e_video.m3u8,/home/ashish/fbots7k/extracted/frodobots_dataset/videos/ride_577967_20240406100413_front_camera.mp4,../frodobots/frodobots_data/output_rides_11/ride_28173_20240406100413,,-38.160999999999945
20240406121535,front,,453.2,,False,,False,,/home/ashish/fbots7k/extracted/frodobots_dataset/videos/ride_a8f8dd_20240406121535_front_camera.mp4,../frodobots/frodobots_data/output_rides_11/ride_28197_20240406121535,no_2k_playlists_found,
20240406154138,front,392.697997,399.5,6.802003000000013,False,0.0,True,../frodobots/frodobots_data/output_rides_11/ride_28258_20240406154138/recordings/8472e173c44c8230dc10b08af88e86b7_ride_28258__uid_s_1000__uid_e_video.m3u8,/home/ashish/fbots7k/extracted/frodobots_dataset/videos/ride_dceec4_20240406154138_front_camera.mp4,../frodobots/frodobots_data/output_rides_11/ride_28258_20240406154138,,6.802003000000013
20240406172530,front,308.788,297.25,11.538000000000013,False,1.0,True,../frodobots/frodobots_data/output_rides_11/ride_28296_20240406172530/recordings/1a5e9fc1b045e574c03672aa5553ea34_ride_28296__uid_s_1000__uid_e_video.m3u8,/home/ashish/fbots7k/extracted/frodobots_dataset/videos/ride_33d262_20240406172530_front_camera.mp4,../frodobots/frodobots_data/output_rides_11/ride_28296_20240406172530,,-11.538000000000011
20240407104529,front,,174.95,,False,,False,,/home/ashish/fbots7k/extracted/frodobots_dataset/videos/ride_c95741_20240407104529_front_camera.mp4,../frodobots/frodobots_data/output_rides_11/ride_28436_20240407104529,no_2k_playlists_found,
20240407170501,front,184.512,183.1,1.412000000000006,False,0.0,True,../frodobots/frodobots_data/output_rides_11/ride_28517_20240407170501/recordings/f61e033d614cc1dc35c5f2850a9d96ca_ride_28517__uid_s_1000__uid_e_video.m3u8,/home/ashish/fbots7k/extracted/frodobots_dataset/videos/ride_dceec4_20240407170501_front_camera.mp4,../frodobots/frodobots_data/output_rides_11/ride_28517_20240407170501,,-1.4120000000000061
20240408001750,front,910.867,877.25,33.61699999999996,False,2.0,True,../frodobots/frodobots_data/output_rides_11/ride_28601_20240408001750/recordings/a54dc61dc5437b9e6121e0ad3c5d6fcc_ride_28601__uid_s_1000__uid_e_video.m3u8,/home/ashish/fbots7k/extracted/frodobots_dataset/videos/ride_577967_20240408001750_front_camera.mp4,../frodobots/frodobots_data/output_rides_11/ride_28601_20240408001750,,-33.61699999999996
20240408073117,front,818.375999,785.2,33.17599899999993,False,2.0,True,../frodobots/frodobots_data/output_rides_11/ride_28690_20240408073117/recordings/69c5730f3b461d8d7f7fb6a253b00a38_ride_28690__uid_s_1000__uid_e_video.m3u8,/home/ashish/fbots7k/extracted/frodobots_dataset/videos/ride_577967_20240408073117_front_camera.mp4,../frodobots/frodobots_data/output_rides_11/ride_28690_20240408073117,,-33.17599899999993
20240408115818,front,,1304.45,,False,,False,,/home/ashish/fbots7k/extracted/frodobots_dataset/videos/ride_46f8dd_20240408115818_front_camera.mp4,../frodobots/frodobots_data/output_rides_11/ride_28753_20240408115818,no_2k_playlists_found,
20240408122429,front,,657.8,,False,,False,,/home/ashish/fbots7k/extracted/frodobots_dataset/videos/ride_46f8dd_20240408122429_front_camera.mp4,../frodobots/frodobots_data/output_rides_11/ride_28754_20240408122429,no_2k_playlists_found,
20240408124602,front,391.975999,362.0,29.975999,False,1.0,True,../frodobots/frodobots_data/output_rides_11/ride_28756_20240408124602/recordings/dc58e3bcc3496e7fb18ffcac7854a3d0_ride_28756__uid_s_1000__uid_e_video.m3u8,/home/ashish/fbots7k/extracted/frodobots_dataset/videos/ride_dceec4_20240408124602_front_camera.mp4,../frodobots/frodobots_data/output_rides_11/ride_28756_20240408124602,,-29.975999
20240408135138,front,,1513.65,,False,,False,,/home/ashish/fbots7k/extracted/frodobots_dataset/videos/ride_dceec4_20240408135138_front_camera.mp4,../frodobots/frodobots_data/output_rides_11/ride_28766_20240408135138,no_2k_playlists_found,
20240408125622,front,617.315997,578.55,38.76599700000008,False,0.0,True,../frodobots/frodobots_data/output_rides_11/ride_28757_20240408125622/recordings/be2548c50147d2e3546a7fa9a8d3bfb3_ride_28757__uid_s_1000__uid_e_video.m3u8,/home/ashish/fbots7k/extracted/frodobots_dataset/videos/ride_dceec4_20240408125622_front_camera.mp4,../frodobots/frodobots_data/output_rides_11/ride_28757_20240408125622,,-38.765997000000084
20240408142536,front,,120.85,,False,,False,,/home/ashish/fbots7k/extracted/frodobots_dataset/videos/ride_dceec4_20240408142536_front_camera.mp4,../frodobots/frodobots_data/output_rides_11/ride_28773_20240408142536,no_2k_playlists_found,
20240409005944,front,663.902,647.35,16.55200000000002,False,5.0,True,../frodobots/frodobots_data/output_rides_11/ride_28865_20240409005944/recordings/4d8f044b844ede138c4344b972848edc_ride_28865__uid_s_1000__uid_e_video.m3u8,/home/ashish/fbots7k/extracted/frodobots_dataset/videos/ride_577967_20240409005944_front_camera.mp4,../frodobots/frodobots_data/output_rides_11/ride_28865_20240409005944,,-16.55200000000002
20240409021117,front,,842.1,,False,,False,,/home/ashish/fbots7k/extracted/frodobots_dataset/videos/ride_577967_20240409021117_front_camera.mp4,../frodobots/frodobots_data/output_rides_11/ride_28897_20240409021117,no_2k_playlists_found,
20240409032914,front,968.898,957.2,11.69799999999998,False,4.0,True,../frodobots/frodobots_data/output_rides_11/ride_28940_20240409032914/recordings/10119f0ab5428a0aa2a3f19909e30695_ride_28940__uid_s_1000__uid_e_video.m3u8,/home/ashish/fbots7k/extracted/frodobots_dataset/videos/ride_e9ebea_20240409032914_front_camera.mp4,../frodobots/frodobots_data/output_rides_11/ride_28940_20240409032914,,-11.697999999999979
20240409050132,front,,558.7,,False,,False,,/home/ashish/fbots7k/extracted/frodobots_dataset/videos/ride_315200_20240409050132_front_camera.mp4,../frodobots/frodobots_data/output_rides_11/ride_29013_20240409050132,no_2k_playlists_found,
20240409092641,front,1076.361,1064.2,12.161000000000058,False,1.0,True,../frodobots/frodobots_data/output_rides_11/ride_29097_20240409092641/recordings/5010e972344baf3bed8aac87612fbf8f_ride_29097__uid_s_1000__uid_e_video.m3u8,/home/ashish/fbots7k/extracted/frodobots_dataset/videos/ride_577967_20240409092641_front_camera.mp4,../frodobots/frodobots_data/output_rides_11/ride_29097_20240409092641,,-12.161000000000058
20240409112026,front,,784.95,,False,,False,,/home/ashish/fbots7k/extracted/frodobots_dataset/videos/ride_46f8dd_20240409112026_front_camera.mp4,../frodobots/frodobots_data/output_rides_11/ride_29126_20240409112026,no_2k_playlists_found,
20240409114500,front,483.041,472.4,10.64100000000002,False,0.0,True,../frodobots/frodobots_data/output_rides_11/ride_29136_20240409114500/recordings/7ae05af58141b8d02fec0490e2b9b14d_ride_29136__uid_s_1000__uid_e_video.m3u8,/home/ashish/fbots7k/extracted/frodobots_dataset/videos/ride_46f8dd_20240409114500_front_camera.mp4,../frodobots/frodobots_data/output_rides_11/ride_29136_20240409114500,,-10.64100000000002
20240409120520,front,,729.0,,False,,False,,/home/ashish/fbots7k/extracted/frodobots_dataset/videos/ride_46f8dd_20240409120520_front_camera.mp4,../frodobots/frodobots_data/output_rides_11/ride_29145_20240409120520,no_2k_playlists_found,
20240409123652,front,795.31,751.0,44.309999999999945,False,0.0,True,../frodobots/frodobots_data/output_rides_12/ride_29157_20240409123652/recordings/3d5777668a4ee4599c3f36a41772b28b_ride_29157__uid_s_1000__uid_e_video.m3u8,/home/ashish/fbots7k/extracted/frodobots_dataset/videos/ride_46f8dd_20240409123652_front_camera.mp4,../frodobots/frodobots_data/output_rides_12/ride_29157_20240409123652,,-44.309999999999945
20240409143304,front,421.66,368.0,53.660000000000025,False,1.0,True,../frodobots/frodobots_data/output_rides_12/ride_29172_20240409143304/recordings/5c6dadf24f4eb550c655028d35a051c4_ride_29172__uid_s_1000__uid_e_video.m3u8,/home/ashish/fbots7k/extracted/frodobots_dataset/videos/ride_46f8dd_20240409143304_front_camera.mp4,../frodobots/frodobots_data/output_rides_12/ride_29172_20240409143304,,-53.660000000000025
20240409144300,front,116.197,62.95,53.247,False,0.0,True,../frodobots/frodobots_data/output_rides_12/ride_29174_20240409144300/recordings/94da5e42bd455817c754f6a3088d2c16_ride_29174__uid_s_1000__uid_e_video.m3u8,/home/ashish/fbots7k/extracted/frodobots_dataset/videos/ride_46f8dd_20240409144300_front_camera.mp4,../frodobots/frodobots_data/output_rides_12/ride_29174_20240409144300,,-53.247
20240409163050,front,1002.928,963.1,39.827999999999975,False,2.0,True,../frodobots/frodobots_data/output_rides_12/ride_29197_20240409163050/recordings/272675b2b146e935a161ee8dae8c939c_ride_29197__uid_s_1000__uid_e_video.m3u8,/home/ashish/fbots7k/extracted/frodobots_dataset/videos/ride_46f8dd_20240409163050_front_camera.mp4,../frodobots/frodobots_data/output_rides_12/ride_29197_20240409163050,,-39.827999999999975
20240409231230,front,462.919,470.9,7.980999999999994,False,52.0,False,../frodobots/frodobots_data/output_rides_12/ride_29247_20240409231230/recordings/0a4525e467481644805cdbb21f89cc5f_ride_29247__uid_s_1001__uid_e_video.m3u8,/home/ashish/fbots7k/extracted/frodobots_dataset/videos/ride_ca3e01_20240409231230_front_camera.mp4,../frodobots/frodobots_data/output_rides_12/ride_29247_20240409231230,,7.9809999999999945
20240410122349,front,2202.374,2143.85,58.52399999999989,False,0.0,True,../frodobots/frodobots_data/output_rides_12/ride_29450_20240410122349/recordings/0a8343a15b443be46643c5908acbf19d_ride_29450__uid_s_1000__uid_e_video.m3u8,/home/ashish/fbots7k/extracted/frodobots_dataset/videos/ride_46f8dd_20240410122349_front_camera.mp4,../frodobots/frodobots_data/output_rides_12/ride_29450_20240410122349,,-58.52399999999989
20240410130223,front,262.544,261.15,1.3940000000000057,False,0.0,True,../frodobots/frodobots_data/output_rides_12/ride_29453_20240410130223/recordings/909d61e83547b82af549ff95527746f6_ride_29453__uid_s_1000__uid_e_video.m3u8,/home/ashish/fbots7k/extracted/frodobots_dataset/videos/ride_dceec4_20240410130223_front_camera.mp4,../frodobots/frodobots_data/output_rides_12/ride_29453_20240410130223,,-1.3940000000000055
20240410143843,front,196.071998,184.15,11.921998000000002,False,3.0,True,../frodobots/frodobots_data/output_rides_12/ride_29474_20240410143843/recordings/5368ec2d6b486198683fc0b963da0c98_ride_29474__uid_s_1000__uid_e_video.m3u8,/home/ashish/fbots7k/extracted/frodobots_dataset/videos/ride_dceec4_20240410143843_front_camera.mp4,../frodobots/frodobots_data/output_rides_12/ride_29474_20240410143843,,-11.921998000000002
20240410165736,front,766.406998,736.9,29.506998000000067,False,1.0,True,../frodobots/frodobots_data/output_rides_12/ride_29513_20240410165736/recordings/7eadd0ac804c0d227468bb8f9c57282a_ride_29513__uid_s_1000__uid_e_video.m3u8,/home/ashish/fbots7k/extracted/frodobots_dataset/videos/ride_dceec4_20240410165736_front_camera.mp4,../frodobots/frodobots_data/output_rides_12/ride_29513_20240410165736,,-29.506998000000067
20240410175738,front,677.166997,664.4,12.76699700000006,False,1.0,True,../frodobots/frodobots_data/output_rides_12/ride_29534_20240410175738/recordings/02dfc94c9a4c3355625f8295653055f7_ride_29534__uid_s_1000__uid_e_video.m3u8,/home/ashish/fbots7k/extracted/frodobots_dataset/videos/ride_dceec4_20240410175738_front_camera.mp4,../frodobots/frodobots_data/output_rides_12/ride_29534_20240410175738,,-12.76699700000006
20240410191244,front,274.502,264.0,10.50200000000001,False,0.0,True,../frodobots/frodobots_data/output_rides_12/ride_29564_20240410191244/recordings/dc4074712c4e940626eb7b91c2833003_ride_29564__uid_s_1000__uid_e_video.m3u8,/home/ashish/fbots7k/extracted/frodobots_dataset/videos/ride_dceec4_20240410191244_front_camera.mp4,../frodobots/frodobots_data/output_rides_12/ride_29564_20240410191244,,-10.50200000000001
20240411033548,front,1082.626,1071.75,10.875999999999976,False,3.0,True,../frodobots/frodobots_data/output_rides_12/ride_29682_20240411033548/recordings/706da4f4924c8328a73ab4a7c410dcd9_ride_29682__uid_s_1000__uid_e_video.m3u8,/home/ashish/fbots7k/extracted/frodobots_dataset/videos/ride_e9ebea_20240411033548_front_camera.mp4,../frodobots/frodobots_data/output_rides_12/ride_29682_20240411033548,,-10.875999999999976
20240411043527,front,1090.272999,1079.75,10.522999000000029,False,1.0,True,../frodobots/frodobots_data/output_rides_12/ride_29697_20240411043527/recordings/3faa59a1bb43914f80ddb5b359a2663a_ride_29697__uid_s_1000__uid_e_video.m3u8,/home/ashish/fbots7k/extracted/frodobots_dataset/videos/ride_e9ebea_20240411043527_front_camera.mp4,../frodobots/frodobots_data/output_rides_12/ride_29697_20240411043527,,-10.522999000000027
20240412090732,front,1220.433,1215.25,5.182999999999993,False,1.0,True,../frodobots/frodobots_data/output_rides_12/ride_30146_20240412090732/recordings/72a84a7c3d4e1f8a3ebedf95ba8be7bd_ride_30146__uid_s_1000__uid_e_video.m3u8,/home/ashish/fbots7k/extracted/frodobots_dataset/videos/ride_dfac7a_20240412090732_front_camera.mp4,../frodobots/frodobots_data/output_rides_12/ride_30146_20240412090732,,-5.182999999999993
20240412092350,front,31.58,21.05,10.529999999999998,False,0.0,True,../frodobots/frodobots_data/output_rides_12/ride_30152_20240412092350/recordings/cd803ea25b467d1b4233feb953d4b476_ride_30152__uid_s_1000__uid_e_video.m3u8,/home/ashish/fbots7k/extracted/frodobots_dataset/videos/ride_c95741_20240412092350_front_camera.mp4,../frodobots/frodobots_data/output_rides_12/ride_30152_20240412092350,,-10.529999999999998
20240416022413,front,1045.339998,1051.4,6.060002000000168,False,0.0,True,../frodobots/frodobots_data/output_rides_14/ride_31273_20240416022413/recordings/5209c41dea4764eb750ad289845e655b_ride_31273__uid_s_1000__uid_e_video.m3u8,/home/ashish/fbots7k/extracted/frodobots_dataset/videos/ride_dfac7a_20240416022413_front_camera.mp4,../frodobots/frodobots_data/output_rides_14/ride_31273_20240416022413,,6.060002000000168
20240419041526,front,1535.65,1525.35,10.300000000000182,False,0.0,True,../frodobots/frodobots_data/output_rides_15/ride_32688_20240419041526/recordings/4a8e1db4e040684be90200b2ecb9244c_ride_32688__uid_s_1000__uid_e_video.m3u8,/home/ashish/fbots7k/extracted/frodobots_dataset/videos/ride_af68e8_20240419041526_front_camera.mp4,../frodobots/frodobots_data/output_rides_15/ride_32688_20240419041526,,-10.300000000000182
20240419092621,front,1520.825999,1528.65,7.82400100000018,False,0.0,True,../frodobots/frodobots_data/output_rides_15/ride_32784_20240419092621/recordings/577eb940cd448b361a5996bc0e85a0ba_ride_32784__uid_s_1000__uid_e_video.m3u8,/home/ashish/fbots7k/extracted/frodobots_dataset/videos/ride_dfac7a_20240419092621_front_camera.mp4,../frodobots/frodobots_data/output_rides_15/ride_32784_20240419092621,,7.82400100000018
20240422112340,front,1165.069,1089.8,75.269,False,1.0,True,../frodobots/frodobots_data/output_rides_17/ride_34257_20240422112340/recordings/5c51297c8e484f56bb811d9425abb6e2_ride_34257__uid_s_1000__uid_e_video.m3u8,/home/ashish/fbots7k/extracted/frodobots_dataset/videos/ride_b36a50_20240422112340_front_camera.mp4,../frodobots/frodobots_data/output_rides_17/ride_34257_20240422112340,,-75.269
20240423033616,front,333.048,344.8,11.75200000000001,False,1.0,True,../frodobots/frodobots_data/output_rides_17/ride_34576_20240423033616/recordings/86f9291c3c46711d96ac4c98c9366314_ride_34576__uid_s_1000__uid_e_video.m3u8,/home/ashish/fbots7k/extracted/frodobots_dataset/videos/ride_e9ebea_20240423033616_front_camera.mp4,../frodobots/frodobots_data/output_rides_17/ride_34576_20240423033616,,11.75200000000001
20240423053422,front,372.965,358.7,14.264999999999986,False,0.0,True,../frodobots/frodobots_data/output_rides_17/ride_34625_20240423053422/recordings/3f7ddea82d45ba36f3de83878117b68f_ride_34625__uid_s_1000__uid_e_video.m3u8,/home/ashish/fbots7k/extracted/frodobots_dataset/videos/ride_af68e8_20240423053422_front_camera.mp4,../frodobots/frodobots_data/output_rides_17/ride_34625_20240423053422,,-14.264999999999986
20240423095536,front,2404.388,2393.0,11.38799999999992,False,0.0,True,../frodobots/frodobots_data/output_rides_17/ride_34783_20240423095536/recordings/f0a34d327642f691d8eab3aa6373654a_ride_34783__uid_s_1000__uid_e_video.m3u8,/home/ashish/fbots7k/extracted/frodobots_dataset/videos/ride_b36a50_20240423095536_front_camera.mp4,../frodobots/frodobots_data/output_rides_17/ride_34783_20240423095536,,-11.38799999999992
20240423101503,front,1572.773,1561.15,11.62299999999982,False,0.0,True,../frodobots/frodobots_data/output_rides_17/ride_34787_20240423101503/recordings/048e55c7a6439ce17c1d85a35a192536_ride_34787__uid_s_1000__uid_e_video.m3u8,/home/ashish/fbots7k/extracted/frodobots_dataset/videos/ride_dfac7a_20240423101503_front_camera.mp4,../frodobots/frodobots_data/output_rides_17/ride_34787_20240423101503,,-11.62299999999982
20240423150737,front,1613.032,1620.35,7.317999999999984,False,1.0,True,../frodobots/frodobots_data/output_rides_17/ride_34922_20240423150737/recordings/d85a08968844eee2160270a1e3ef0318_ride_34922__uid_s_1000__uid_e_video.m3u8,/home/ashish/fbots7k/extracted/frodobots_dataset/videos/ride_25901d_20240423150737_front_camera.mp4,../frodobots/frodobots_data/output_rides_17/ride_34922_20240423150737,,7.317999999999984
20240424101124,front,1184.355998,1183.35,1.0059980000000903,False,0.0,True,../frodobots/frodobots_data/output_rides_18/ride_35346_20240424101124/recordings/525f41cfae47caf8c40ba0bfda76e22a_ride_35346__uid_s_1000__uid_e_video.m3u8,/home/ashish/fbots7k/extracted/frodobots_dataset/videos/ride_dfac7a_20240424101124_front_camera.mp4,../frodobots/frodobots_data/output_rides_18/ride_35346_20240424101124,,-1.0059980000000905
20240424103127,front,530.442,161.65,368.792,False,135.0,False,../frodobots/frodobots_data/output_rides_18/ride_35353_20240424103127/recordings/62f1b48ceb4c484d5f0bbc804e0fd0cf_ride_35353__uid_s_1001__uid_e_video.m3u8,/home/ashish/fbots7k/extracted/frodobots_dataset/videos/ride_55799e_20240424103127_front_camera.mp4,../frodobots/frodobots_data/output_rides_18/ride_35353_20240424103127,,-368.79200000000003
20240425102346,front,1452.29,1438.8,13.490000000000007,False,0.0,True,../frodobots/frodobots_data/output_rides_18/ride_35874_20240425102346/recordings/f5f6646c0846bedbee165dabdc365169_ride_35874__uid_s_1000__uid_e_video.m3u8,/home/ashish/fbots7k/extracted/frodobots_dataset/videos/ride_25901d_20240425102346_front_camera.mp4,../frodobots/frodobots_data/output_rides_18/ride_35874_20240425102346,,-13.490000000000009
